Country (Name),ASFIS species (Name),FAO division (Name),Unit (Name),Unit,[1970],S,[1971],S,[1972],S,[1973],S,[1974],S,[1975],S,[1976],S,[1977],S,[1978],S,[1979],S,[1980],S,[1981],S,[1982],S,[1983],S,[1984],S,[1985],S,[1986],S,[1987],S,[1988],S,[1989],S,[1990],S,[1991],S,[1992],S,[1993],S,[1994],S,[1995],S,[1996],S,[1997],S,[1998],S,[1999],S,[2000],S,[2001],S,[2002],S,[2003],S,[2004],S,[2005],S,[2006],S,[2007],S,[2008],S,[2009],S,[2010],S,[2011],S,[2012],S,[2013],S,[2014],S,[2015],S,[2016],S,[2017],S,[2018],S,[2019],S,[2020],S,[2021],S
Liberia,[Luciobarbus graellsii],Sherbro,Tonnes - live weight,TLW,0,M,0,M,0,M,0,M,0,M,0,M,0,M,0,M,0,M,0,M,0,M,0,M,0,M,0,M,0,M,0,M,0,M,0,M,0,M,0,M,0,M,0,M,0,M,0,M,0,M,0,M,0,M,0,M,0,M,0,M,0,M,0,M,0,M,0,M,0,M,0,M,0,M,0,M,0,M,0,M,0,M,0,M,0,M,0,M,0,M,0,M,0,M,0,M,0,M,0,M,16,,3.16,
Liberia,[Lagocephalus spp],Sherbro,Tonnes - live weight,TLW,0,M,0,M,0,M,0,M,0,M,0,M,0,M,0,M,0,M,0,M,0,M,0,M,0,M,0,M,0,M,0,M,0,M,0,M,0,M,0,M,0,M,0,M,0,M,0,M,0,M,0,M,0,M,0,M,0,M,0,M,0,M,0,M,0,M,0,M,0,M,0,M,0,M,0,M,0,M,0,M,0,M,0,M,0,M,0,M,0,M,0,M,0,M,0,M,0,M,0.72,,0,M,0,M
Liberia,African moonfish,Sherbro,Tonnes - live weight,TLW,0,,0,,0,,0,,0,,0,,0,,0,,0,,0,,0,,0,,0,,0,,0,,0,,0,,0,,0,,0,,0,,0,,0,,0,,0,,0,,0,,0,,0,,0,,0,,0,,0,,0,,0,,22,,0,M,599,,250,,250,E,250,E,250,E,250,E,250,E,250,E,94,E,50,E,0,,0,,0.13,,0,M,0,M
Liberia,African pompano,Sherbro,Tonnes - live weight,TLW,0,M,0,M,0,M,0,M,0,M,0,M,0,M,0,M,0,M,0,M,0,M,0,M,0,M,0,M,0,M,0,M,0,M,0,M,0,M,0,M,0,M,0,M,0,M,0,M,0,M,0,M,0,M,0,M,0,M,0,M,0,M,0,M,0,M,0,M,0,M,0,M,0,M,0,M,0,M,0,M,0,M,0,M,0,M,0,M,0,M,0,M,0,M,0,M,0,M,165.12,,701,,1029.2,
Liberia,African red snapper,Sherbro,Tonnes - live weight,TLW,0,M,0,M,0,M,0,M,0,M,0,M,0,M,0,M,0,M,0,M,0,M,0,M,0,M,0,M,0,M,0,M,0,M,0,M,0,M,0,M,0,M,0,M,0,M,0,M,0,M,0,M,0,M,0,M,0,M,0,M,0,M,0,M,0,M,0,M,0,M,0,M,0,M,0,M,0,M,0,M,0,M,0,M,0,M,0,M,0,M,0,M,0,M,0,M,0,M,1271,,966,,317,
Liberia,African sicklefish,Sherbro,Tonnes - live weight,TLW,0,N,0,N,100,,100,,45,,62,,80,,57,,950,,58,,0,,0,,0,,0,,0,,0,,0,,303,,49,,21,,2,,0,,2,,8,,12,,30,,15,,0,N,70,,256,,94,,104,,110,,110,,256,,573,,98,,150,,185,,190,E,195,E,200,E,210,E,220,E,225,E,230,E,230,E,0,,31,,77.94,,205,,48.84,
Liberia,African squid,Sherbro,Tonnes - live weight,TLW,0,M,0,M,0,M,0,M,0,M,0,M,0,M,0,M,0,M,0,M,0,M,0,M,0,M,0,M,0,M,0,M,0,M,0,M,0,M,0,M,0,M,0,M,0,M,0,M,0,M,0,M,0,M,0,M,0,M,0,M,0,M,0,M,0,M,0,M,0,M,0,M,0,M,0,M,0,M,0,M,0,M,0,M,0,M,0,M,0,M,0,M,0,M,0,M,0,M,121.91,,0,M,0,M
Liberia,Albacore,Tunas (CECAF area),Tonnes - live weight,TLW,0,M,0,M,0,M,0,M,0,M,0,M,0,M,0,M,0,M,0,M,0,M,0,M,0,M,0,M,0,M,0,M,0,M,0,M,0,M,0,M,0,M,0,M,0,M,0,M,0,M,0,M,41,,0,,0,,0,,0,,0,,0,,0,,0,,0,,0,,0,,0,,0,,0,,0,,0,,0,,0,,0,,12,,90,,2.9,,0,,55,,0,
Liberia,Alexandria pompano,Sherbro,Tonnes - live weight,TLW,0,M,0,M,0,M,0,M,0,M,0,M,0,M,0,M,0,M,0,M,0,M,0,M,0,M,0,M,0,M,0,M,0,M,0,M,0,M,0,M,0,M,0,M,0,M,0,M,0,M,0,M,0,M,0,M,0,M,0,M,0,M,0,M,0,M,0,M,0,M,0,M,0,M,0,M,0,M,0,M,0,M,0,M,0,M,0,M,0,M,0,M,0,M,0,M,0,M,220,,265,,147,
Liberia,Angola rockfish,Sherbro,Tonnes - live weight,TLW,0,M,0,M,0,M,0,M,0,M,0,M,0,M,0,M,0,M,0,M,0,M,0,M,0,M,0,M,0,M,0,M,0,M,0,M,0,M,0,M,0,M,0,M,0,M,0,M,0,M,0,M,0,M,0,M,0,M,0,M,0,M,0,M,0,M,0,M,0,M,0,M,0,M,0,M,0,M,0,M,0,M,0,M,0,M,0,M,0,M,0,M,0,M,0,M,0,M,5,,174,,48.76,
Liberia,Angolan dentex,Sherbro,Tonnes - live weight,TLW,0,M,0,M,0,M,0,M,0,M,0,M,0,M,0,M,0,M,0,M,0,M,0,M,0,M,0,M,0,M,0,M,0,M,0,M,0,M,0,M,0,M,0,M,0,M,0,M,0,M,0,M,0,M,0,M,0,M,0,M,0,M,0,M,0,M,0,M,0,M,0,M,0,M,0,M,0,M,0,M,0,M,0,M,0,M,0,M,0,M,10,,10,,0,,0,,0,,0,M,0,M
Liberia,Atlantic bigeye,Sherbro,Tonnes - live weight,TLW,0,M,0,M,0,M,0,M,0,M,0,M,0,M,0,M,0,M,0,M,0,M,0,M,0,M,0,M,0,M,0,M,0,M,0,M,0,M,0,M,0,M,0,M,0,M,0,M,0,M,0,M,0,M,0,M,0,M,0,M,0,M,0,M,0,M,0,M,0,M,0,M,0,M,0,M,0,M,0,M,0,M,0,M,0,M,0,M,0,M,0,M,0,M,0,M,0,M,0,M,139,,353.76,
Liberia,Atlantic bonito,Tunas (CECAF area),Tonnes - live weight,TLW,0,M,0,M,0,M,0,M,0,M,0,M,0,M,0,M,0,M,0,M,0,M,0,M,0,M,0,M,0,M,0,M,0,M,0,M,0,M,0,M,0,M,0,M,0,M,0,M,0,M,0,M,0,M,0,M,0,M,0,M,0,M,0,M,0,M,0,M,0,M,0,M,0,M,0,M,0,M,0,M,0,M,0,M,0,M,0,M,0,M,0,M,0,M,323,,476,,0,,40,,0,
Liberia,Atlantic bumper,Sherbro,Tonnes - live weight,TLW,0,M,0,M,0,M,0,M,0,M,0,M,0,M,0,M,0,M,0,M,0,M,0,M,0,M,0,M,0,M,0,M,0,M,0,M,0,M,0,M,0,M,0,M,0,M,0,M,0,M,0,M,0,M,0,M,0,M,0,M,0,M,0,M,0,M,0,M,0,M,0,M,0,M,0,M,654,,680,E,710,E,740,E,770,E,800,E,830,E,855,E,855,E,6,,213,,502.76,,789,,729.22,
Liberia,Atlantic chub mackerel,Sherbro,Tonnes - live weight,TLW,0,N,0,N,0,N,0,N,14,,14,,14,,18,,58,,159,,72,,55,,50,,151,,159,,164,,339,,279,,150,,188,,13,,50,,52,,37,,12,,134,,24,,8,,45,,218,,238,,34,,40,,40,,218,,48,,99,,934,,323,,330,E,330,E,330,E,330,E,335,E,335,E,335,E,335,E,17,,30,,6.23,,70,,98.09,
Liberia,Atlantic emperor,Sherbro,Tonnes - live weight,TLW,0,M,0,M,0,M,0,M,0,M,0,M,0,M,0,M,0,M,0,M,0,M,0,M,0,M,0,M,0,M,0,M,0,M,0,M,0,M,0,M,0,M,0,M,0,M,0,M,0,M,0,M,0,M,0,M,0,M,0,M,0,M,0,M,0,M,0,M,0,M,0,M,0,M,0,M,0,M,0,M,0,M,0,M,0,M,0,M,0,M,0,M,0,M,0,M,0,M,8,,6,,8,
Liberia,Atlantic flyingfish,Sherbro,Tonnes - live weight,TLW,0,M,0,M,0,M,0,M,0,M,0,M,0,M,0,M,0,M,0,M,0,M,0,M,0,M,0,M,0,M,0,M,0,M,0,M,0,M,0,M,0,M,0,M,0,M,0,M,0,M,0,M,0,M,0,M,0,M,0,M,0,M,0,M,0,M,0,M,0,M,0,M,0,M,0,M,0,M,0,M,0,M,0,M,0,M,0,M,0,M,0,M,0,M,0,M,0,M,335,,137,,19.34,
Liberia,Atlantic horse mackerel,Sherbro,Tonnes - live weight,TLW,0,M,0,M,0,M,0,M,0,M,0,M,0,M,0,M,0,M,0,M,0,M,0,M,0,M,0,M,0,M,0,M,0,M,0,M,0,M,0,M,0,M,0,M,0,M,0,M,0,M,0,M,0,M,0,M,0,M,0,M,0,M,0,M,0,M,0,M,0,M,0,M,0,M,0,M,0,M,0,M,0,M,0,M,0,M,0,M,0,M,0,M,0,M,0,M,0,M,94,,88,,22.5,
Liberia,Atlantic sailfish,Tunas (CECAF area),Tonnes - live weight,TLW,0,,0,,0,,0,,0,,0,,0,,0,,0,,0,,0,,0,,0,,0,,0,,0,,0,,0,,0,,0,,0,,0,,0,,0,,0,,0,,0,,0,,0,,0,,0,,56,,133,,127,,106,,122,,118,,115,,0,M,0,M,0,M,0,,0,,0,,0,,0,,0,,58.69,,10.81,,50.21,,46.7,,3.43,
Liberia,Atlantic white marlin,Tunas (CECAF area),Tonnes - live weight,TLW,0,M,0,M,0,M,0,M,0,M,0,M,0,M,0,M,0,M,0,M,0,M,0,M,0,M,0,M,0,M,0,M,0,M,0,M,0,M,0,M,0,M,0,M,0,M,0,M,0,M,0,M,0,M,0,M,0,M,0,M,0,M,3,,4,,3,,0,M,0,M,0,M,0,M,0,M,0,M,0,M,0,M,0,M,0,M,0,M,0,M,98,,2,,1,,0,,0,M,0,M
Liberia,Axillary seabream,Sherbro,Tonnes - live weight,TLW,0,M,0,M,0,M,0,M,0,M,0,M,0,M,0,M,0,M,0,M,0,M,0,M,0,M,0,M,0,M,0,M,0,M,0,M,0,M,0,M,0,M,0,M,0,M,0,M,0,M,0,M,0,M,0,M,0,M,0,M,0,M,0,M,0,M,0,M,0,M,0,M,0,M,0,M,0,M,0,M,0,M,0,M,0,M,0,M,0,M,0,M,0,M,11,,221,,0,,0,M,0,M
Liberia,Ballyhoo halfbeak,Sherbro,Tonnes - live weight,TLW,0,M,0,M,0,M,0,M,0,M,0,M,0,M,0,M,0,M,0,M,0,M,0,M,0,M,0,M,0,M,0,M,0,M,0,M,0,M,0,M,0,M,0,M,0,M,0,M,0,M,0,M,0,M,0,M,0,M,0,M,0,M,0,M,0,M,0,M,0,M,0,M,0,M,0,M,0,M,0,M,0,M,0,M,0,M,0,M,0,M,0,M,0,M,0,M,0,M,410,,361,,443,
Liberia,Barracudas nei,Sherbro,Tonnes - live weight,TLW,100,,100,,100,,100,,100,,100,,100,,100,,133,,981,,366,,801,,723,,824,,677,,440,,433,,644,,515,,572,,43,,58,,93,,42,,31,,202,,35,,112,,318,,442,,253,,272,,302,,384,,432,,372,,419,,356,,126,,400,E,700,E,1000,E,1500,E,2000,E,2500,E,3000,E,3500,E,3941,,5287,,0,M,0,M,0,M
Liberia,Bearded brotula,Sherbro,Tonnes - live weight,TLW,0,,0,,0,,0,,0,,0,,0,,0,,0,,0,,0,,0,,0,,0,,0,,0,,0,,0,,0,,0,,0,,530,,279,,108,,216,,46,,4,,10,,66,,48,,52,,0,N,40,,40,,48,,57,,20,,69,,43,,50,E,60,E,70,E,80,E,85,E,95,E,100,E,100,E,75,,104,,244.78,,143.38,,43.92,
Liberia,Benguela hake,Sherbro,Tonnes - live weight,TLW,0,,0,,0,,0,,0,,0,,0,,0,,0,,0,,20,,3,,3,,4,,5,,0,,0,,0,,16,,0,,0,,0,,0,,0,,0,,0,,38,,0,,0,,0,,0,,0,,0,,0,,0,,0,,0,,0,,0,,0,,0,,0,,0,,0,,0,,0,,0,,0,,0,,0,M,0,M,0,M
Liberia,Bigeye grunt,Sherbro,Tonnes - live weight,TLW,0,M,0,M,0,M,0,M,0,M,0,M,0,M,0,M,0,M,0,M,0,M,0,M,0,M,0,M,0,M,0,M,0,M,0,M,0,M,0,M,0,M,0,M,0,M,0,M,0,M,0,M,0,M,0,M,0,M,0,M,0,M,0,M,0,M,0,M,0,M,0,M,0,M,1307,,321,,318,E,315,E,312,E,309,E,306,E,303,E,300,E,300,E,111,,148,,150.88,,518,,44,
Liberia,Bigeye thresher,Sherbro,Tonnes - live weight,TLW,0,M,0,M,0,M,0,M,0,M,0,M,0,M,0,M,0,M,0,M,0,M,0,M,0,M,0,M,0,M,0,M,0,M,0,M,0,M,0,M,0,M,0,M,0,M,0,M,0,M,0,M,0,M,0,M,0,M,0,M,0,M,0,M,0,M,0,M,0,M,0,M,0,M,0,M,0,M,0,M,0,M,0,M,0,M,0,M,0,M,0,M,0,M,5,,9,,24,,0,M,0,M
Liberia,Bigeye tuna,Tunas (CECAF area),Tonnes - live weight,TLW,200,E,200,E,200,E,200,E,200,E,200,E,200,E,200,E,218,,515,,182,,441,,395,,396,,284,,235,,233,,265,,229,,206,,16,,13,,42,,65,,53,,57,,105,,340,,108,,112,,201,,175,,175,,145,,112,,32,,29,,377,,144,,130,E,115,E,0,,0,,0,,0,,0,,26.74,,98.21,,1.17,,2.89,,222.14,,28.73,
Liberia,Bignose shark,Sherbro,Tonnes - live weight,TLW,0,M,0,M,0,M,0,M,0,M,0,M,0,M,0,M,0,M,0,M,0,M,0,M,0,M,0,M,0,M,0,M,0,M,0,M,0,M,0,M,0,M,0,M,0,M,0,M,0,M,0,M,0,M,0,M,0,M,0,M,0,M,0,M,0,M,0,M,0,M,0,M,0,M,0,M,0,M,0,M,0,M,0,M,0,M,0,M,0,M,0,M,0,M,0,M,0,M,47,,89,,44,
Liberia,Black marlin,Tunas (CECAF area),Tonnes - live weight,TLW,0,M,0,M,0,M,0,M,0,M,0,M,0,M,0,M,0,M,0,M,0,M,0,M,0,M,0,M,0,M,0,M,0,M,0,M,0,M,0,M,0,M,0,M,0,M,0,M,0,M,0,M,0,M,0,M,0,M,0,M,0,M,0,M,0,M,0,M,0,M,0,M,0,M,0,M,0,M,0,M,0,M,0,M,0,M,0,M,0,M,0,M,0,M,0,M,0,M,31,,0,M,1.89,
Liberia,Black seabream,Sherbro,Tonnes - live weight,TLW,0,,0,,0,,0,,0,,0,,0,,0,,0,,0,,24,,34,,36,,3,,8,,0,,6,,0,,0,,13,,0,,0,,0,,0,,0,,0,,0,,0,,0,,0,,0,,10,,10,,10,,12,,37,,18,,0,M,0,M,0,M,0,M,0,N,0,N,0,N,0,,0,M,0,M,0,M,0,M,2,,128,,6,
Liberia,Blacktip shark,Sherbro,Tonnes - live weight,TLW,0,M,0,M,0,M,0,M,0,M,0,M,0,M,0,M,0,M,0,M,0,M,0,M,0,M,0,M,0,M,0,M,0,M,0,M,0,M,0,M,0,M,0,M,0,M,0,M,0,M,0,M,0,M,0,M,0,M,0,M,0,M,0,M,0,M,0,M,0,M,0,M,0,M,0,M,0,M,0,M,0,M,0,M,0,M,0,M,0,M,0,M,0,M,0,M,0,M,19,,91,,16,
Liberia,Blue butterfish,Sherbro,Tonnes - live weight,TLW,0,M,0,M,0,M,0,M,0,M,0,M,0,M,0,M,0,M,0,M,0,M,0,M,0,M,0,M,298,,110,,687,,817,,685,,476,,110,,105,,334,,299,,307,,382,,143,,236,,248,,573,,181,,183,,190,,190,,573,,138,,159,,0,,0,,0,M,0,M,0,,0,M,0,,0,M,7,,8,E,0,,0,,51,,1,,13,
Liberia,Blue marlin,Tunas (CECAF area),Tonnes - live weight,TLW,0,M,0,M,0,M,0,M,0,M,0,M,0,M,0,M,0,M,0,M,0,M,0,M,0,M,0,M,0,M,0,M,0,M,0,M,0,M,0,M,0,M,0,M,0,M,0,M,0,M,0,M,114,,122,,59,,37,,187,,235,,158,,115,,37,,9,,16,,143,,0,M,0,M,0,M,133.05,,93.69,,177.98,,293.19,,35.22,,126.85,,10.34,,0.78,,1.98,,1.82,,9.38,
Liberia,Blue shark,Sherbro,Tonnes - live weight,TLW,0,M,0,M,0,M,0,M,0,M,0,M,0,M,0,M,0,M,0,M,0,M,0,M,0,M,0,M,0,M,0,M,0,M,0,M,0,M,0,M,0,M,0,M,0,M,0,M,0,M,0,M,0,M,0,M,0,M,76,,70,,0,M,0,M,0,M,25,,0,M,0,M,0,M,0,M,0,M,0,M,0,M,0,M,0,M,0,M,0,M,0,M,76,,7,,13,,256,,30,
Liberia,Bluespotted seabass,Sherbro,Tonnes - live weight,TLW,0,M,0,M,0,M,0,M,0,M,0,M,0,M,0,M,0,M,0,M,0,M,0,M,0,M,0,M,0,M,0,M,0,M,0,M,0,M,0,M,0,M,0,M,0,M,0,M,0,M,0,M,0,M,0,M,0,M,0,M,0,M,0,M,0,M,0,M,0,M,0,M,0,M,0,M,0,M,0,M,0,M,0,M,0,M,0,M,0,M,0,M,0,M,0,M,0,M,0,M,18,,9,
Liberia,Bluespotted seabream,Sherbro,Tonnes - live weight,TLW,0,M,0,M,0,M,0,M,0,M,0,M,0,M,0,M,0,M,0,M,0,M,0,M,0,M,0,M,0,M,0,M,0,M,0,M,0,M,0,M,0,M,0,M,0,M,0,M,0,M,0,M,0,M,0,M,0,M,0,M,0,M,0,M,0,M,0,M,0,M,0,M,0,M,0,M,0,M,0,M,0,M,0,M,0,M,0,M,0,M,0,M,0,M,0,M,0,M,62,,2,,112,
Liberia,Bobo croaker,Sherbro,Tonnes - live weight,TLW,0,M,0,M,0,M,0,M,0,M,0,M,0,M,0,M,0,M,0,M,0,M,0,M,0,M,0,M,0,M,0,M,0,M,0,M,0,M,0,M,0,M,0,M,0,M,100,,40,,7,,109,,282,,233,,535,,127,,110,,70,,130,,535,,107,,300,,201,,260,,260,E,260,E,260,E,262,E,268,E,273,E,260,E,400,E,614,,847,,138,,124,,13,
Liberia,Boe drum,Sherbro,Tonnes - live weight,TLW,0,M,0,M,0,M,0,M,0,M,0,M,0,M,0,M,0,M,0,M,0,M,0,M,0,M,0,M,0,M,0,M,0,M,0,M,0,M,0,M,0,M,0,M,0,M,0,M,0,M,0,M,0,M,0,M,0,M,0,M,0,M,0,M,0,M,0,M,0,M,0,M,0,M,0,M,0,M,0,M,0,M,0,M,0,M,0,M,0,M,0,M,0,M,0,M,0,M,86.2,,84,,22,
Liberia,Bogue,Sherbro,Tonnes - live weight,TLW,0,M,0,M,0,M,0,M,0,M,0,M,0,M,0,M,0,M,0,M,0,M,0,M,0,M,0,M,0,M,0,M,0,M,0,M,0,M,0,M,0,M,0,M,0,M,0,M,0,M,0,M,0,M,0,M,0,M,0,M,0,M,0,M,0,M,0,M,0,M,0,M,0,M,0,M,0,M,0,M,0,M,0,M,0,M,0,M,0,M,0,M,0,M,0,M,0,M,16,,1,,67,
Liberia,Bonefish,Sherbro,Tonnes - live weight,TLW,0,,0,,0,,0,,0,,0,,0,,0,,0,,0,,0,,0,,0,,0,,0,,0,,0,,0,,0,,0,,0,,0,,0,,0,,0,,0,,0,,0,,21,,104,,27,,6,,10,,10,,104,,252,,80,,13,,2,,8,E,14,E,20,E,26,E,32,E,38,E,45,E,45,E,20,,25,,5.23,,0,M,0,M
Liberia,Bonga shad,Sherbro,Tonnes - live weight,TLW,0,M,0,M,0,M,0,M,0,M,0,M,0,M,0,M,0,M,0,M,0,M,0,M,0,M,0,M,0,M,0,M,0,M,0,M,0,M,282,,13,,20,,34,,14,,26,,9,,70,,17,,33,,123,,37,,123,,120,,120,,123,,23,,67,,102,,33,,29,E,25,E,21,E,17,E,13,E,9,E,5,E,5,E,0,,0,,1110.15,,105,,11,
Liberia,Bull shark,Sherbro,Tonnes - live weight,TLW,0,M,0,M,0,M,0,M,0,M,0,M,0,M,0,M,0,M,0,M,0,M,0,M,0,M,0,M,0,M,0,M,0,M,0,M,0,M,0,M,0,M,0,M,0,M,0,M,0,M,0,M,0,M,0,M,0,M,0,M,0,M,0,M,0,M,0,M,0,M,0,M,0,M,0,M,0,M,0,M,0,M,0,M,0,M,0,M,0,M,0,M,0,M,0,M,0,M,355,,0,M,0,M
Liberia,Bullet tuna,Tunas (CECAF area),Tonnes - live weight,TLW,0,M,0,M,0,M,0,M,0,M,0,M,0,M,0,M,0,M,0,M,0,M,0,M,0,M,0,M,0,M,0,M,0,M,0,M,0,M,0,M,0,M,0,M,0,M,0,M,0,M,0,M,0,M,0,M,0,M,0,M,0,M,0,M,0,M,0,M,0,M,0,M,0,M,0,M,0,M,0,M,0,M,0,M,0,M,0,M,0,M,0,M,0,M,0,M,0,M,0,M,111,,16,
Liberia,Canary drum(=Baardman),Sherbro,Tonnes - live weight,TLW,0,M,0,M,0,M,0,M,0,M,0,M,0,M,0,M,0,M,0,M,0,M,0,M,0,M,0,M,0,M,0,M,0,M,0,M,0,M,0,M,0,M,0,M,0,M,0,M,0,M,0,M,0,M,0,M,0,M,0,M,0,M,0,M,0,M,0,M,0,M,0,M,0,M,0,M,0,M,0,M,0,M,0,M,0,M,0,M,0,M,0,M,0,M,0,M,0,M,0.68,,0,M,0,M
Liberia,Carangids nei,Sherbro,Tonnes - live weight,TLW,100,,100,,100,,100,,100,,100,,100,,100,,108,,387,,167,,523,,472,,175,,492,,430,,818,,845,,580,,516,,13,,256,,170,,97,,96,,76,,62,,30,,178,,394,,235,,271,,280,,280,,394,,317,,284,,289,,67,,75,E,83,E,91,E,100,E,108,E,116,E,125,E,125,E,152,,133,,0,,0,M,0,M
Liberia,Cassava croaker,Sherbro,Tonnes - live weight,TLW,0,M,0,M,0,M,0,M,0,M,0,M,0,M,0,M,0,M,0,M,0,M,0,M,0,M,0,M,0,M,0,M,0,M,0,M,0,M,0,M,0,M,0,M,0,M,79,,40,,20,,0,M,266,,200,,490,,200,,100,,150,,90,,490,,95,,369,,381,,229,,230,E,233,E,236,E,236,E,239,E,243,E,165,E,165,E,300,,204,,249.52,,1010,,280,
Liberia,Clupeoids nei,Sherbro,Tonnes - live weight,TLW,0,,0,,0,,0,,0,,0,,0,,0,,0,,0,,191,,488,,441,,227,,345,,583,,506,,719,,764,,607,,155,,110,,229,,121,,115,,75,,189,,147,,383,,386,,318,,208,,210,,210,,386,,216,,364,,0,M,1,,100,E,100,E,100,E,100,E,100,E,100,E,100,E,100,E,106,,0,,0,,0,M,0,M
Liberia,Cobia,Sherbro,Tonnes - live weight,TLW,0,M,0,M,0,M,0,M,0,M,0,M,0,M,0,M,0,M,0,M,0,M,0,M,0,M,0,M,0,M,0,M,0,M,0,M,0,M,0,M,0,M,0,M,0,M,0,M,0,M,0,M,0,M,0,M,0,M,0,M,0,M,0,M,0,M,0,M,0,M,0,M,0,M,0,M,0,M,0,M,0,M,0,M,0,M,0,M,0,M,0,M,0,M,0,M,0,M,62,,33,,10,
Liberia,Common cuttlefish,Sherbro,Tonnes - live weight,TLW,0,M,0,M,0,M,0,M,0,M,0,M,0,M,0,M,0,M,0,M,0,M,0,M,0,M,0,M,0,M,0,M,0,M,0,M,0,M,0,M,0,M,0,M,0,M,0,M,0,M,0,M,0,M,0,M,0,M,0,M,0,M,0,M,0,M,0,M,0,M,0,M,0,M,0,M,0,M,0,M,0,M,0,M,0,M,0,M,0,M,0,M,0,M,0,M,0,M,0,M,87,,0,
Liberia,Common dolphinfish,Sherbro,Tonnes - live weight,TLW,0,M,0,M,0,M,0,M,0,M,0,M,0,M,0,M,0,M,0,M,0,M,0,M,0,M,0,M,0,M,0,M,0,M,0,M,0,M,0,M,0,M,0,M,0,M,0,M,0,M,0,M,0,M,31,,20,,48,,45,,22,,25,,25,,48,,2,,1,,0,,0,,0,,0,,0,,0,,0,,0,,0,,0,,0,,4,,0,,0,M,0,M
Liberia,Common octopus,Sherbro,Tonnes - live weight,TLW,0,M,0,M,0,M,0,M,0,M,0,M,0,M,0,M,0,M,0,M,0,M,0,M,0,M,0,M,0,M,0,M,0,M,0,M,0,M,0,M,0,M,0,M,0,M,0,M,0,M,0,M,0,M,0,M,0,M,0,M,0,M,0,M,0,M,0,M,0,M,0,M,0,M,0,M,0,M,0,M,0,M,0,M,0,M,0,M,0,M,0,M,0,M,0,M,0,M,0,M,47,,68.72,
Liberia,"Conger eels, etc. nei",Sherbro,Tonnes - live weight,TLW,0,M,0,M,0,M,0,M,0,M,0,M,0,M,0,M,0,M,0,M,0,M,0,M,0,M,0,M,0,M,0,M,0,M,0,M,119,,99,,52,,72,,87,,42,,81,,70,,41,,117,,85,,128,,49,,76,,80,,80,,128,,92,,33,,194,,45,,50,E,50,E,50,E,50,E,50,E,50,E,90,E,90,E,40,,0,,0,,0,M,0,M
Liberia,Congo dentex,Sherbro,Tonnes - live weight,TLW,0,M,0,M,0,M,0,M,0,M,0,M,0,M,0,M,0,M,0,M,0,M,0,M,0,M,0,M,0,M,0,M,0,M,0,M,0,M,0,M,0,M,0,M,0,M,0,M,0,M,0,M,0,M,0,M,0,M,0,M,0,M,0,M,0,M,0,M,0,M,0,M,0,M,0,M,0,M,0,M,0,M,0,M,0,M,0,M,0,M,0,M,0,M,712,,0,,0,,0,M,0,M
Liberia,Crevalle jack,Sherbro,Tonnes - live weight,TLW,0,M,0,M,0,M,0,M,0,M,0,M,0,M,0,M,0,M,0,M,0,M,0,M,0,M,0,M,0,M,0,M,0,M,0,M,0,M,0,M,0,M,0,M,0,M,0,M,0,M,0,M,0,M,0,M,0,M,0,M,0,M,0,M,0,M,0,M,0,M,0,M,0,M,0,M,0,M,0,M,0,M,0,M,0,M,0,M,0,M,0,M,0,M,0,M,0,M,410.02,,41,,157,
Liberia,"Croakers, drums nei",Sherbro,Tonnes - live weight,TLW,0,,0,,0,,0,,0,,0,,0,,0,,0,,0,,113,,419,,376,,413,,444,,303,,442,,520,,102,,345,,3,,0,,6,,7,,4,,87,,0,,0,,0,,0,,0,,0,,0,,0,,0,,0,,0,,0,,0,,0,,0,,0,,0,,0,,0,,0,,0,,0,,0,,0,M,0,M,0,M
Liberia,Cunene horse mackerel,Sherbro,Tonnes - live weight,TLW,0,,0,,0,,0,,0,,0,,0,,0,,0,,0,,0,,1,,1,,246,,27,,18,,0,,0,,0,,0,,0,,5,,3,,3,,3,,12,,0,,0,,0,,0,,0,,0,,0,,0,,0,,0,,100,,100,,78,,80,E,80,E,78,E,76,E,74,E,72,E,70,E,70,E,2,,2,,19.93,,279,,405.26,
Liberia,"Cuttlefish, bobtail squids nei",Sherbro,Tonnes - live weight,TLW,0,,0,,0,,0,,0,,0,,0,,0,,0,,0,,62,,15,,14,,2,,4,,0,,7,,0,,0,,0,,0,,2,,13,,14,,8,,0,,0,,0,,12,,8,,14,,29,,30,,30,,8,,535,,11,,61,,15,,15,E,15,E,13,E,11,E,9,E,7,E,5,E,5,E,51,,0,,0,,0,M,5,
Liberia,Daisy stingray,Sherbro,Tonnes - live weight,TLW,0,M,0,M,0,M,0,M,0,M,0,M,0,M,0,M,0,M,0,M,0,M,0,M,0,M,0,M,0,M,0,M,0,M,0,M,0,M,0,M,0,M,0,M,0,M,0,M,0,M,0,M,0,M,0,M,0,M,0,M,0,M,0,M,0,M,0,M,0,M,0,M,0,M,0,M,0,M,0,M,0,M,0,M,0,M,0,M,0,M,0,M,0,M,0,M,0,M,75.7,,110,,132.5,
Liberia,Deep-water rose shrimp,Sherbro,Tonnes - live weight,TLW,0,M,0,M,0,M,0,M,0,M,0,M,0,M,0,M,0,M,0,M,0,M,0,M,0,M,0,M,0,M,0,M,0,M,0,M,0,M,0,M,0,M,0,M,0,M,0,M,0,M,0,M,0,M,8,,13,,50,,5,,7,,10,,10,,50,,218,,20,,39,,10,,10,E,10,E,10,E,10,E,10,E,10,E,10,E,10,E,2,,0,,0,,0,M,0,M
Liberia,Deepbody boarfish,Sherbro,Tonnes - live weight,TLW,0,M,0,M,0,M,0,M,0,M,0,M,0,M,0,M,0,M,0,M,0,M,0,M,0,M,0,M,0,M,0,M,0,M,0,M,0,M,0,M,0,M,0,M,0,M,0,M,0,M,0,M,0,M,0,M,0,M,0,M,0,M,0,M,0,M,0,M,0,M,0,M,0,M,0,M,0,M,0,M,0,M,0,M,0,M,0,M,0,M,0,M,0,M,0,M,0,M,1,,2,,3,
Liberia,Dentex nei,Sherbro,Tonnes - live weight,TLW,0,M,0,M,0,M,0,M,0,M,0,M,0,M,0,M,0,M,0,M,500,,809,,820,,1103,,1167,,653,,626,,1866,,1715,,534,,33,,92,,105,,84,,92,,313,,336,,0,M,0,M,0,M,0,M,0,M,0,M,0,M,0,M,0,M,0,M,1260,,481,,450,E,410,E,370,E,330,E,290,E,250,E,200,E,100,E,24,,804,,2105.96,,1690,,518.03,
Liberia,Dogfish sharks nei,Sherbro,Tonnes - live weight,TLW,0,M,0,M,0,M,0,M,0,M,0,M,0,M,0,M,0,M,0,M,0,M,0,M,0,M,0,M,0,M,0,M,0,M,0,M,0,M,0,M,0,M,0,M,0,M,0,M,0,M,0,M,0,M,0,M,0,M,0,M,0,M,0,M,0,M,0,M,75,,0,M,0,M,0,M,0,M,0,M,0,M,0,M,0,M,0,M,0,M,0,M,0,M,0,M,0,M,0,M,0,M,0,M
Liberia,Eagle rays nei,Sherbro,Tonnes - live weight,TLW,0,M,0,M,0,M,0,M,0,M,0,M,0,M,0,M,0,M,0,M,0,M,0,M,0,M,0,M,0,M,0,M,0,M,0,M,0,M,0,M,0,M,0,M,0,M,0,M,0,M,0,M,0,M,0,M,0,M,0,M,0,M,0,M,0,M,0,M,0,M,0,M,0,M,0,M,0,M,0,M,0,M,0,M,0,M,0,M,0,M,0,M,0,M,0,M,0,M,0,M,113,,170,
Liberia,European anchovy,Sherbro,Tonnes - live weight,TLW,0,M,0,M,0,M,0,M,0,M,0,M,0,M,0,M,0,M,0,M,0,M,0,M,0,M,0,M,0,M,0,M,0,M,0,M,0,M,0,M,0,M,0,M,0,M,0,M,0,M,0,M,0,M,0,M,0,M,0,M,0,M,0,M,0,M,0,M,0,M,0,M,0,M,0,M,0,M,0,M,0,M,0,M,0,M,0,M,0,M,0,M,0,M,0,M,0,M,70,,0,M,3,
Liberia,False scad,Sherbro,Tonnes - live weight,TLW,0,,0,,0,,0,,0,,0,,0,,0,,0,,0,,0,,0,,0,,0,,0,,0,,49,,102,,126,,89,,0,,0,,0,,0,,0,,0,,0,,7,,111,,435,,135,,134,,140,,140,,435,,369,,54,,0,M,0,M,0,M,0,M,0,M,0,M,0,M,0,M,0,M,0,M,0,M,3,,0,,3,,0,
Liberia,Flathead grey mullet,Sherbro,Tonnes - live weight,TLW,0,M,0,M,0,M,0,M,0,M,0,M,0,M,0,M,0,M,0,M,0,M,0,M,0,M,0,M,0,M,0,M,0,M,0,M,0,M,0,M,0,M,0,M,0,M,0,M,0,M,0,M,0,M,0,M,0,M,0,M,0,M,0,M,0,M,0,M,0,M,0,M,0,M,0,M,0,M,0,M,0,M,0,M,0,M,0,M,0,M,0,M,0,M,0,M,0,M,1,,18,,1,
Liberia,Flying gurnard,Sherbro,Tonnes - live weight,TLW,0,M,0,M,0,M,0,M,0,M,0,M,0,M,0,M,0,M,0,M,0,M,0,M,0,M,0,M,0,M,0,M,0,M,0,M,0,M,0,M,0,M,0,M,0,M,0,M,0,M,0,M,0,M,0,M,0,M,0,M,0,M,0,M,0,M,0,M,0,M,0,M,0,M,0,M,0,M,0,M,0,M,0,M,0,M,0,M,0,M,0,M,0,M,0,M,0,M,0.91,,0,M,0,M
Liberia,Flyingfishes nei,Sherbro,Tonnes - live weight,TLW,0,M,0,M,0,M,0,M,0,M,0,M,0,M,0,M,0,M,0,M,0,M,0,M,0,M,0,M,0,M,0,M,0,M,0,M,0,M,0,M,0,M,0,M,0,M,0,M,0,M,0,M,69,,8,,10,,0,,38,,19,,20,,20,,0,N,112,,11,,246,,99,,100,E,100,E,100,E,100,E,100,E,100,E,100,E,100,E,15,,14,,154.17,,129,,535,
Liberia,Frigate and bullet tunas,Tunas (CECAF area),Tonnes - live weight,TLW,0,M,0,M,0,M,0,M,0,M,0,M,0,M,0,M,0,M,0,M,0,M,0,M,0,M,0,M,0,M,0,M,0,M,0,M,0,M,0,M,0,M,0,M,0,M,0,M,0,M,0,M,0,M,0,M,0,M,0,M,0,M,0,M,0,M,0,M,0,M,0,M,0,M,0,M,0,M,0,M,0,M,0,M,0,M,0,M,0,M,0,M,0,M,8,,19,,5.04,,0,M,0,M
Liberia,Frigate tuna,Tunas (CECAF area),Tonnes - live weight,TLW,0,M,0,M,0,M,0,M,0,M,0,M,0,M,0,M,0,M,0,M,0,M,0,M,0,M,0,M,0,M,0,M,0,M,0,M,0,M,0,M,0,M,0,M,0,M,0,M,0,M,0,M,0,M,0,M,0,M,0,M,0,M,0,M,0,M,0,M,0,M,0,M,0,M,0,M,0,M,0,M,0,M,0,M,0,M,0,M,0,M,0,M,0,M,0,M,0,M,0,M,318,,51,
Liberia,Giant African threadfin,Sherbro,Tonnes - live weight,TLW,0,M,0,M,0,M,0,M,0,M,0,M,0,M,0,M,0,M,0,M,0,M,0,M,0,M,0,M,0,M,0,M,0,M,0,M,0,M,0,M,0,M,0,M,0,M,0,M,0,M,0,M,0,M,0,M,0,M,0,M,0,M,0,M,0,M,0,M,0,M,0,M,0,M,0,M,0,M,0,M,0,M,0,M,0,M,0,M,0,M,0,M,0,M,0,M,0,M,171,,176,,93,
Liberia,Golden African snapper,Sherbro,Tonnes - live weight,TLW,0,M,0,M,0,M,0,M,0,M,0,M,0,M,0,M,0,M,0,M,0,M,0,M,0,M,0,M,0,M,0,M,0,M,0,M,0,M,0,M,0,M,0,M,0,M,0,M,0,M,0,M,0,M,0,M,0,M,0,M,0,M,0,M,0,M,0,M,0,M,0,M,0,M,0,M,0,M,0,M,0,M,0,M,0,M,0,M,0,M,0,M,0,M,0,M,0,M,359,,512,,98,
Liberia,Gorean snapper,Sherbro,Tonnes - live weight,TLW,0,M,0,M,0,M,0,M,0,M,0,M,0,M,0,M,0,M,0,M,0,M,0,M,0,M,0,M,0,M,0,M,0,M,0,M,0,M,0,M,0,M,0,M,0,M,0,M,0,M,0,M,0,M,0,M,0,M,0,M,0,M,0,M,0,M,0,M,0,M,0,M,0,M,0,M,0,M,0,M,0,M,0,M,0,M,0,M,0,M,0,M,0,M,378,,502,,205,,386,,63,
Liberia,Great barracuda,Sherbro,Tonnes - live weight,TLW,0,M,0,M,0,M,0,M,0,M,0,M,0,M,0,M,0,M,0,M,0,M,0,M,0,M,0,M,0,M,0,M,0,M,0,M,0,M,0,M,0,M,0,M,0,M,0,M,0,M,0,M,0,M,0,M,0,M,0,M,0,M,0,M,0,M,0,M,0,M,0,M,0,M,0,M,0,M,0,M,0,M,0,M,0,M,0,M,0,M,0,M,0,M,0,M,0,M,442.05,,619,,126,
Liberia,Great hammerhead,Sherbro,Tonnes - live weight,TLW,0,M,0,M,0,M,0,M,0,M,0,M,0,M,0,M,0,M,0,M,0,M,0,M,0,M,0,M,0,M,0,M,0,M,0,M,0,M,0,M,0,M,0,M,0,M,0,M,0,M,0,M,0,M,0,M,0,M,0,M,0,M,0,M,0,M,0,M,0,M,0,M,0,M,0,M,0,M,0,M,0,M,0,M,0,M,0,M,0,M,0,M,0,M,0,M,0,M,0,M,45,,0,
Liberia,Groupers nei,Sherbro,Tonnes - live weight,TLW,0,M,0,M,0,M,0,M,0,M,0,M,0,M,0,M,14,,143,,441,,51,,49,,203,,72,,190,,278,,160,,74,,40,,45,,4,,12,,9,,6,,22,,0,,5,,110,,71,,25,,44,,0,M,0,M,0,M,0,M,49,,145,,81,,100,E,120,E,140,E,160,E,180,E,200,E,225,E,225,E,139,,187,,0,M,0,M,0,M
Liberia,"Grunts, sweetlips nei",Sherbro,Tonnes - live weight,TLW,0,N,0,N,0,N,0,N,31,,26,,32,,40,,68,,27,,65,,93,,84,,46,,106,,65,,253,,187,,162,,65,,7,,1,,16,,13,,180,,196,,105,,99,,85,,216,,102,,180,,180,,180,,216,,62,,72,,0,,188,,170,E,150,E,130,E,110,E,90,E,70,E,50,E,50,E,0,,0,,0,,0,M,0,M
Liberia,Guachanche barracuda,Sherbro,Tonnes - live weight,TLW,0,M,0,M,0,M,0,M,0,M,0,M,0,M,0,M,0,M,0,M,0,M,0,M,0,M,0,M,0,M,0,M,0,M,0,M,0,M,0,M,0,M,0,M,0,M,0,M,0,M,0,M,0,M,0,M,0,M,0,M,0,M,0,M,0,M,0,M,0,M,0,M,0,M,0,M,0,M,0,M,0,M,0,M,0,M,0,M,0,M,0,M,0,M,0,M,0,M,379.79,,1365,,823.76,
Liberia,Guinea shrimp,Sherbro,Tonnes - live weight,TLW,0,M,0,M,0,M,0,M,0,M,0,M,0,M,0,M,0,M,0,M,0,M,0,M,0,M,0,M,0,M,0,M,0,M,0,M,0,M,0,M,0,M,0,M,0,M,0,M,0,M,0,M,0,M,0,M,0,M,0,M,0,M,0,M,0,M,0,M,0,M,0,M,0,M,0,M,0,M,0,M,0,M,0,M,0,M,0,M,0,M,0,M,0,M,0,M,0,M,0,M,1,,0,
Liberia,Guinean barracuda,Sherbro,Tonnes - live weight,TLW,0,M,0,M,0,M,0,M,0,M,0,M,0,M,0,M,0,M,0,M,0,M,0,M,0,M,0,M,0,M,0,M,0,M,0,M,0,M,0,M,0,M,0,M,0,M,0,M,0,M,0,M,0,M,0,M,0,M,0,M,0,M,0,M,0,M,0,M,0,M,0,M,0,M,0,M,0,M,0,M,0,M,0,M,0,M,0,M,0,M,0,M,0,M,0,M,0,M,6.25,,0,M,0,M
Liberia,Guinean pike conger,Sherbro,Tonnes - live weight,TLW,0,M,0,M,0,M,0,M,0,M,0,M,0,M,0,M,0,M,0,M,0,M,0,M,0,M,0,M,0,M,0,M,0,M,0,M,0,M,0,M,0,M,0,M,0,M,0,M,0,M,0,M,0,M,0,M,0,M,0,M,0,M,0,M,0,M,0,M,0,M,0,M,0,M,0,M,0,M,0,M,0,M,0,M,0,M,0,M,0,M,0,M,0,M,0,M,0,M,0,M,2,,0,
Liberia,Guitarfishes nei,Sherbro,Tonnes - live weight,TLW,0,M,0,M,0,M,0,M,0,M,0,M,0,M,0,M,0,M,0,M,0,M,0,M,0,M,0,M,0,M,0,M,0,M,0,M,0,M,0,M,0,M,0,M,0,M,0,M,0,M,0,M,0,M,0,M,0,M,0,M,0,M,0,M,0,M,0,M,0,M,0,M,0,M,0,M,0,M,0,M,0,M,0,M,0,M,0,M,0,M,0,M,0,M,0,M,0,M,0,M,268,,23,
Liberia,"Guitarfishes, etc. nei",Sherbro,Tonnes - live weight,TLW,0,M,0,M,0,M,0,M,0,M,0,M,0,M,0,M,0,M,0,M,0,M,0,M,0,M,0,M,0,M,0,M,0,M,0,M,0,M,0,M,0,M,0,M,0,M,0,M,0,M,0,M,0,M,0,M,54,,175,,16,,0,N,0,,0,,175,,50,,65,,0,M,0,M,0,M,0,M,0,M,0,M,0,M,0,M,0,M,0,M,1,,1,,103,,0,M,0,M
Liberia,Halfbeaks nei,Sherbro,Tonnes - live weight,TLW,0,,0,,0,,0,,0,,0,,0,,0,,0,,0,,0,,0,,0,,0,,0,,0,,0,,0,,0,,0,,0,,0,,0,,0,,0,,0,,0,,0,,77,,85,,96,,97,,100,,100,,85,,63,,13,,198,,47,,47,E,50,E,50,E,50,E,50,E,50,E,150,E,150,E,236,,352,,0,M,0,M,0,M
Liberia,"Hammerhead sharks, etc. nei",Sherbro,Tonnes - live weight,TLW,0,M,0,M,0,M,0,M,0,M,0,M,0,M,0,M,0,M,0,M,0,M,0,M,0,M,0,M,0,M,0,M,0,M,0,M,0,M,0,M,0,M,0,M,0,M,0,M,0,M,0,M,0,M,0,M,0,M,127,,152,,0,M,0,M,0,M,23,,802,,100,,332,,0,,100,E,100,E,110,E,110,E,120,E,120,E,120,E,120,E,6,,6,,0,,0,M,0,M
Liberia,Hound needlefish,Sherbro,Tonnes - live weight,TLW,0,M,0,M,0,M,0,M,0,M,0,M,0,M,0,M,0,M,0,M,0,M,0,M,0,M,0,M,0,M,0,M,0,M,0,M,0,M,0,M,0,M,0,M,0,M,0,M,0,M,0,M,0,M,0,M,0,M,0,M,0,M,0,M,0,M,0,M,0,M,0,M,0,M,0,M,0,M,0,M,0,M,0,M,0,M,0,M,0,M,0,M,0,M,0,M,0,M,0,M,12,,44,
Liberia,Kitefin shark,Sherbro,Tonnes - live weight,TLW,0,,0,,0,,0,,0,,0,,0,,0,,0,,0,,0,,0,,0,,0,,0,,0,,0,,0,,0,,0,,0,,0,,0,,0,,0,,0,,0,,0,,0,,0,M,0,M,0,M,0,M,0,M,54,,0,M,0,M,0,M,0,M,0,M,0,M,0,M,0,M,0,M,0,M,0,M,0,M,0,M,0,M,0,M,0,M,0,M
Liberia,Large-eye dentex,Sherbro,Tonnes - live weight,TLW,0,M,0,M,0,M,0,M,0,M,0,M,0,M,0,M,0,M,0,M,0,M,0,M,0,M,0,M,0,M,0,M,0,M,0,M,0,M,0,M,0,M,0,M,0,M,0,M,0,M,0,M,0,M,0,M,0,M,0,M,0,M,0,M,0,M,0,M,0,M,0,M,0,M,0,M,0,M,0,M,0,M,0,M,0,M,0,M,0,M,5,,6,E,1,,1,,4,,0,M,2,
Liberia,Largehead hairtail,Sherbro,Tonnes - live weight,TLW,0,,0,,0,,0,,0,,0,,0,,0,,0,,0,,7,,29,,28,,17,,4,,0,,0,,116,,52,,141,,9,,4,,7,,6,,2,,12,,7,,10,,9,,33,,34,,169,,160,,160,,33,,192,,53,,208,,30,,30,E,30,E,30,E,30,E,30,E,30,E,47,E,47,E,3,,19,,157.94,,63,,16.08,
Liberia,Leerfish,Sherbro,Tonnes - live weight,TLW,0,,0,,0,,0,,0,,0,,0,,0,,0,,0,,0,,0,,0,,0,,0,,0,,0,,0,,0,,0,,0,,0,,0,,0,,0,,0,,2,,0,N,0,,0,,0,,0,,0,,0,,0,,0,,0,,0,,0,,0,,0,,0,,0,,0,,0,,0,,0,,0,,0,,0,M,0,M,0,M
Liberia,Lesser African threadfin,Sherbro,Tonnes - live weight,TLW,100,,100,,300,,100,,112,,120,,283,,226,,266,,48,,72,,149,,266,,378,,176,,75,,37,,62,,29,,37,,19,,0,,15,,13,,11,,26,,0,M,0,M,0,M,0,M,0,M,0,M,0,M,0,M,0,M,0,M,0,M,464,,599,,710,E,770,E,830,E,880,E,940,E,1000,E,1050,E,1050,E,536,,1035,,585,,1370,,440.58,
Liberia,Little sleeper shark,Sherbro,Tonnes - live weight,TLW,0,M,0,M,0,M,0,M,0,M,0,M,0,M,0,M,0,M,0,M,0,M,0,M,0,M,0,M,0,M,0,M,0,M,0,M,0,M,0,M,0,M,0,M,0,M,0,M,0,M,0,M,0,M,0,M,0,M,0,M,0,M,0,M,0,M,0,M,0,M,0,M,0,M,0,M,0,M,0,M,0,M,0,M,0,M,0,M,0,M,0,M,0,M,0,M,0,M,12,,0,M,0,M
Liberia,Little tunny(=Atl.black skipj),Tunas (CECAF area),Tonnes - live weight,TLW,0,M,0,M,0,M,0,M,0,M,0,M,0,M,0,M,0,M,0,M,0,M,0,M,0,M,0,M,0,M,0,M,0,M,0,M,0,M,0,M,0,M,0,M,0,M,0,M,0,M,0,M,0,M,0,M,0,M,0,M,0,M,0,M,0,M,0,M,0,M,0,M,0,M,0,M,0,M,0,M,0,M,673,,256,,176,,101,,78,,151,,212,,2,,69.78,,0.79,,18.77,
Liberia,Longbill spearfish,Tunas (CECAF area),Tonnes - live weight,TLW,0,M,0,M,0,M,0,M,0,M,0,M,0,M,0,M,0,M,0,M,0,M,0,M,0,M,0,M,0,M,0,M,0,M,0,M,0,M,0,M,0,M,0,M,0,M,0,M,0,M,0,M,0,M,0,M,0,M,0,M,0,M,0,M,0,M,0,M,0,M,0,M,0,M,0,M,0,M,0,M,0,M,0,M,0,M,0,M,0,M,0,M,0,M,22,,0,,0,,0,M,0,M
Liberia,Longfin mako,Sherbro,Tonnes - live weight,TLW,0,M,0,M,0,M,0,M,0,M,0,M,0,M,0,M,0,M,0,M,0,M,0,M,0,M,0,M,0,M,0,M,0,M,0,M,0,M,0,M,0,M,0,M,0,M,0,M,0,M,0,M,0,M,0,M,0,M,0,M,0,M,0,M,0,M,0,M,0,M,0,M,0,M,0,M,0,M,0,M,0,M,0,M,0,M,0,M,0,M,0,M,0,M,199,,0,,0,,46,,0,
Liberia,Longneck croaker,Sherbro,Tonnes - live weight,TLW,0,M,0,M,0,M,0,M,0,M,0,M,0,M,0,M,0,M,0,M,0,M,0,M,0,M,0,M,0,M,0,M,0,M,0,M,0,M,0,M,0,M,0,M,0,M,0,M,0,M,0,M,0,M,0,M,0,M,0,M,0,M,0,M,0,M,0,M,0,M,0,M,0,M,0,M,0,M,0,M,0,M,0,M,0,M,0,M,0,M,0,M,0,M,0,M,0,M,210.89,,1350,,766,
Liberia,Madeiran sardinella,Sherbro,Tonnes - live weight,TLW,0,M,0,M,0,M,0,M,0,M,0,M,0,M,0,M,0,M,0,M,0,M,0,M,0,M,0,M,0,M,0,M,0,M,0,M,0,M,0,M,0,M,0,M,0,M,0,M,0,M,0,M,0,M,0,M,0,M,0,M,0,M,0,M,0,M,0,M,0,M,0,M,0,M,0,M,0,M,0,M,0,M,0,M,0,M,0,M,0,M,0,M,0,M,30,,53,,338,,730,,11118.42,
Liberia,Mako sharks,Sherbro,Tonnes - live weight,TLW,0,M,0,M,0,M,0,M,0,M,0,M,0,M,0,M,0,M,0,M,0,M,0,M,0,M,0,M,0,M,0,M,0,M,0,M,0,M,0,M,0,M,0,M,0,M,0,M,0,M,0,M,0,M,0,M,0,M,0,M,0,M,0,M,0,M,0,M,0,M,0,M,0,M,0,M,0,M,0,M,0,M,0,M,0,M,0,M,0,M,0,M,0,M,0,M,0,M,20,,0,M,2,
Liberia,"Mantas, devil rays nei",Sherbro,Tonnes - live weight,TLW,0,M,0,M,0,M,0,M,0,M,0,M,0,M,0,M,0,M,0,M,0,M,0,M,0,M,0,M,0,M,0,M,0,M,0,M,0,M,0,M,0,M,0,M,0,M,0,M,0,M,0,M,0,M,0,M,342,,802,,931,,106,,110,,100,,802,,435,,23,,0,M,0,M,0,M,0,M,0,M,0,M,0,M,0,M,0,M,0,M,0,M,0,M,0,M,0,M,0,M
Liberia,Marine crabs nei,Sherbro,Tonnes - live weight,TLW,0,,0,,0,,0,,0,,0,,0,,0,,0,,0,,92,,46,,42,,87,,39,,157,,168,,234,,133,,187,,44,,19,,13,,22,,10,,28,,0,,35,,38,,32,,27,,122,,223,,150,,151,,8,,131,,50,,47,,50,E,50,E,50,E,50,E,50,E,50,E,50,E,50,E,109,,0,,0,,0,M,0,M
Liberia,Marine crustaceans nei,Sherbro,Tonnes - live weight,TLW,0,,0,,0,,0,,0,,0,,0,,0,,0,,0,,0,,0,,0,,0,,0,,0,,0,,0,,0,,0,,0,,0,,0,,0,,12,,0,,0,,0,,0,,0,,0,,0,,0,,0,,0,,0,,0,,0,,0,,0,,0,,0,,0,,0,,0,,0,,0,,0,,0,,40.15,,0,M,0,M
Liberia,Marine fishes nei,Sherbro,Tonnes - live weight,TLW,500,,500,,400,,500,,486,,486,,486,,500,,215,,1318,,2710,,1744,,2230,,2463,,1628,,1509,,2367,,2100,,1978,,1896,,424,,1907,,1306,,710,,598,,134,,362,,430,,1022,,775,,571,,752,,690,,660,,353,,580,,735,,0,,757,,1408,E,1990,E,2595,E,3030,E,3505,E,2927,E,2643,E,2226,E,991,,1033,,429,,1132,,697.66,
Liberia,Marine turtles nei,Sherbro,Tonnes - live weight,TLW,0,M,0,M,0,M,0,M,0,M,0,M,0,M,0,M,0,M,0,M,0,M,0,M,0,M,0,M,0,M,0,M,0,M,0,M,21,,0,,0,,1,,3,,4,,0,,0,,0,,0,,0,,0,,0,,0,,0,,0,,0,,0,,0,,0,,0,,0,,0,,0,,0,,0,,0,,0,,0,,2,,0,,0,,0,M,0,M
Liberia,"Marlins,sailfishes,etc. nei",Tunas (CECAF area),Tonnes - live weight,TLW,0,M,0,M,0,M,0,M,0,M,0,M,0,M,0,M,0,M,0,M,0,M,0,M,0,M,0,M,129,,78,,68,,94,,74,,103,,18,,20,,38,,27,,112,,120,,145,,71,,781,,513,,683,,0,,0,,0,,407,,0,,0,,459,,180,,175,E,165,E,160,E,150,E,145,E,135,E,130,E,0,,2,,26,,0,,0,M,0,M
Liberia,Morays nei,Sherbro,Tonnes - live weight,TLW,0,M,0,M,0,M,0,M,0,M,0,M,0,M,0,M,0,M,0,M,0,M,0,M,0,M,0,M,0,M,0,M,0,M,0,M,0,M,0,M,0,M,0,M,0,M,0,M,0,M,0,M,0,M,0,M,0,M,0,M,0,M,0,M,0,M,0,M,0,M,0,M,0,M,0,M,0,M,0,M,0,M,0,M,0,M,0,M,0,M,0,M,0,M,65,,0,,5.09,,0,M,0,M
Liberia,Morocco dentex,Sherbro,Tonnes - live weight,TLW,0,M,0,M,0,M,0,M,0,M,0,M,0,M,0,M,0,M,0,M,0,M,0,M,0,M,0,M,0,M,0,M,0,M,0,M,0,M,0,M,0,M,0,M,0,M,0,M,0,M,0,M,0,M,0,M,0,M,0,M,0,M,0,M,0,M,0,M,0,M,0,M,0,M,0,M,0,M,0,M,0,M,0,M,0,M,0,M,0,M,0,M,0,M,0,M,0,M,21,,191,,0,
Liberia,Mullets nei,Sherbro,Tonnes - live weight,TLW,0,,0,,0,,0,,0,,0,,0,,0,,0,,0,,0,,0,,0,,0,,0,,0,,0,,0,,0,,0,,0,,0,,0,,4,,3,,0,,0,,22,,18,,63,,85,,0,N,40,,40,,63,,118,,19,,100,,26,,26,E,26,E,24,E,22,E,20,E,18,E,15,E,15,E,0,,0,,0,,0,M,0,M
Liberia,Natantian decapods nei,Sherbro,Tonnes - live weight,TLW,600,,600,,800,,1300,,1429,,1350,,1445,,1166,,1689,,1490,,0,,0,,9,,7,,191,,12,,181,,222,,218,,211,,59,,97,,66,,205,,116,,110,,28,,73,,100,,252,,20,,24,,30,,30,,252,,31,,35,,41,,33,,60,E,85,E,110,E,135,E,160,E,180,E,200,E,200,E,4,,0,,0,,0,M,0,M
Liberia,"Needlefishes, etc. nei",Sherbro,Tonnes - live weight,TLW,0,,0,,0,,0,,0,,0,,0,,0,,0,,0,,0,,0,,0,,0,,0,,0,,0,,0,,0,,0,,0,,0,,0,,0,,0,,0,,0,,0,,54,,90,,30,,31,,35,,35,,90,,175,,0,M,5,,1,,50,E,100,E,100,E,100,E,50,E,50,E,30,E,20,E,0,,0,,0,,0,M,0,M
Liberia,"Octopuses, etc. nei",Sahara coastal,Tonnes - live weight,TLW,0,,0,,0,,0,,0,,0,,0,,0,,0,,0,,0,,0,,0,,0,,0,,0,,0,,0,,0,,0,,0,,0,,0,,0,,0,,0,,176,,0,,0,,0,,0,,0,,0,,0,,0,,0,,0,,0,,0,,0,,0,,0,,0,,0,,0,,0,,0,,0,,0,,0,M,0,M,0,M
Liberia,"Octopuses, etc. nei",Sherbro,Tonnes - live weight,TLW,0,,0,,0,,0,,0,,0,,0,,0,,0,,0,,0,,0,,0,,0,,0,,0,,0,,0,,0,,0,,0,,0,,0,,0,,0,,0,,0,,2,,61,,23,,16,,41,,45,,40,,23,,490,,0,N,5,,15,,15,E,15,E,14,E,13,E,12,E,11,E,10,E,10,E,52,,69,,88.48,,0,M,0,M
Liberia,Plain bonito,Tunas (CECAF area),Tonnes - live weight,TLW,0,M,0,M,0,M,0,M,0,M,0,M,0,M,0,M,0,M,0,M,0,M,0,M,0,M,0,M,0,M,0,M,0,M,0,M,0,M,0,M,0,M,0,M,0,M,0,M,0,M,0,M,0,M,0,M,0,M,0,M,0,M,0,M,0,M,0,M,0,M,0,M,0,M,0,M,0,M,0,M,0,M,0,M,0,M,0,M,0,M,0,M,0,M,2,,7,,0,,0,M,0,M
Liberia,Pompano,Sherbro,Tonnes - live weight,TLW,0,M,0,M,0,M,0,M,0,M,0,M,0,M,0,M,0,M,0,M,0,M,0,M,0,M,0,M,0,M,0,M,0,M,0,M,0,M,0,M,0,M,0,M,0,M,0,M,0,M,0,M,0,M,0,M,0,M,0,M,0,M,0,M,0,M,0,M,0,M,0,M,0,M,0,M,0,M,0,M,0,M,0,M,0,M,0,M,0,M,19,,20,E,0,,0,,0,,0,M,0,M
Liberia,Pompano dolphinfish,Sherbro,Tonnes - live weight,TLW,0,M,0,M,0,M,0,M,0,M,0,M,0,M,0,M,0,M,0,M,0,M,0,M,0,M,0,M,0,M,0,M,0,M,0,M,0,M,0,M,0,M,0,M,0,M,0,M,0,M,0,M,0,M,0,M,0,M,0,M,0,M,0,M,0,M,0,M,0,M,0,M,0,M,0,M,0,M,0,M,0,M,0,M,0,M,0,M,0,M,0,M,0,M,0,M,0,M,11.92,,0,M,0,M
Liberia,Porbeagle,Sherbro,Tonnes - live weight,TLW,0,M,0,M,0,M,0,M,0,M,0,M,0,M,0,M,0,M,0,M,0,M,0,M,0,M,0,M,0,M,0,M,0,M,0,M,0,M,0,M,0,M,0,M,0,M,0,M,0,M,0,M,0,M,0,M,0,M,0,M,0,M,0,M,0,M,0,M,0,M,0,M,0,M,0,M,0,M,0,M,0,M,0,M,0,M,0,M,0,M,0,M,0,M,6,,1,,0,,0,M,0,M
Liberia,"Porgies, seabreams nei",Morocco coastal,Tonnes - live weight,TLW,0,,0,,0,,0,,0,,0,,0,,0,,0,,0,,0,,0,,0,,0,,0,,0,,0,,0,,0,,0,,0,,0,,0,,29,,0,,0,,0,,0,,0,,0,,0,,0,,0,,0,,0,,0,,0,,0,,0,,0,,0,,0,,0,,0,,0,,0,,0,,0,,0,,0,M,0,M,0,M
Liberia,"Porgies, seabreams nei",Sherbro,Tonnes - live weight,TLW,100,,100,,100,,100,,376,,613,,321,,249,,361,,931,,284,,26,,37,,72,,404,,143,,271,,15,,80,,43,,0,,0,,30,,12,,18,,42,,0,,0,,0,,0,,0,,0,,0,,0,,0,,0,,0,,0,,0,,0,,0,,0,,0,,0,,0,,0,,0,,0,,0,,0,M,0,M,0,M
Liberia,"Rays, stingrays, mantas nei",Sherbro,Tonnes - live weight,TLW,0,M,0,M,0,M,0,M,0,M,0,M,0,M,0,M,0,M,0,M,182,,44,,55,,81,,77,,92,,113,,101,,116,,132,,33,,25,,29,,50,,56,,33,,12,,38,,50,,80,,61,,29,,30,,30,,111,,29,,55,,152,,40,,40,E,40,E,50,E,50,E,50,E,60,E,60,E,60,E,183,,0,,11.79,,0,M,0,M
Liberia,Red pandora,Sherbro,Tonnes - live weight,TLW,0,M,0,M,0,M,0,M,0,M,0,M,0,M,0,M,0,M,0,M,0,M,0,M,0,M,0,M,0,M,0,M,0,M,0,M,0,M,0,M,0,M,0,M,0,M,0,M,0,M,0,M,0,M,0,M,0,M,0,M,0,M,0,M,0,M,0,M,0,M,0,M,0,M,0,M,0,M,0,M,0,M,0,M,0,M,0,M,0,M,0,M,0,M,0,M,0,M,540.07,,0,M,0,M
Liberia,Round sardinella,Sherbro,Tonnes - live weight,TLW,0,M,0,M,0,M,0,M,0,M,0,M,0,M,0,M,0,M,0,M,0,M,0,M,0,M,0,M,0,M,0,M,0,M,0,M,0,M,0,M,0,M,0,M,0,M,0,M,0,M,0,M,0,M,0,M,0,M,0,M,0,M,0,M,0,M,0,M,0,M,0,M,0,M,0,M,0,M,0,M,0,M,0,M,0,M,0,M,0,M,0,M,0,M,17,,5,,184,,1477,,568.32,
Liberia,Royal threadfin,Sherbro,Tonnes - live weight,TLW,0,M,0,M,0,M,0,M,0,M,0,M,0,M,0,M,0,M,0,M,0,M,0,M,65,,33,,611,,197,,1031,,882,,148,,125,,47,,88,,63,,50,,25,,134,,36,,155,,138,,118,,92,,102,,110,,110,,118,,217,,61,,63,,30,,100,E,170,E,240,E,300,E,360,E,430,E,110,E,50,E,17,,21,,327,,230,,0,
Liberia,Sandbar shark,Sherbro,Tonnes - live weight,TLW,0,M,0,M,0,M,0,M,0,M,0,M,0,M,0,M,0,M,0,M,0,M,0,M,0,M,0,M,0,M,0,M,0,M,0,M,0,M,0,M,0,M,0,M,0,M,0,M,0,M,0,M,0,M,0,M,0,M,0,M,0,M,0,M,0,M,0,M,0,M,0,M,0,M,0,M,0,M,0,M,0,M,0,M,0,M,0,M,0,M,0,M,0,M,0,M,0,M,3,,0,M,4,
Liberia,Sardinellas nei,Sherbro,Tonnes - live weight,TLW,2000,,2000,,2000,,2000,,2000,,2000,,2000,,2000,,1120,,1211,,546,,1553,,1399,,1375,,1109,,687,,606,,514,,914,,562,,303,,112,,410,,330,,222,,876,,199,,485,,620,,1112,,887,,1358,,1350,,1350,,1355,,386,,508,,1599,,626,,590,E,500,E,420,E,350,E,260,E,200,E,120,E,70,E,49,,272,,70.59,,0,M,0,M
Liberia,Sawfishes,Sherbro,Tonnes - live weight,TLW,0,M,0,M,0,M,0,M,0,M,0,M,0,M,0,M,0,M,0,M,0,M,0,M,0,M,0,M,0,M,0,M,0,M,0,M,0,M,0,M,0,M,0,M,0,M,0,M,0,M,0,M,0,M,48,,0,M,39,,42,,0,M,0,M,0,M,8,,0,M,0,M,0,M,0,M,0,M,0,M,0,M,0,M,0,M,0,M,0,M,0,M,0,M,0,M,0,M,0,M,0,M
Liberia,Scalloped hammerhead,Sherbro,Tonnes - live weight,TLW,0,M,0,M,0,M,0,M,0,M,0,M,0,M,0,M,0,M,0,M,0,M,0,M,0,M,0,M,0,M,0,M,0,M,0,M,0,M,0,M,0,M,0,M,0,M,0,M,0,M,0,M,0,M,0,M,0,M,0,M,0,M,0,M,0,M,0,M,0,M,0,M,0,M,0,M,0,M,0,M,0,M,0,M,0,M,0,M,0,M,0,M,0,M,0,M,0,M,0,M,28,,0,
Liberia,"Scorpionfishes, rockfishes nei",Sherbro,Tonnes - live weight,TLW,0,M,0,M,0,M,0,M,0,M,0,M,0,M,0,M,0,M,0,M,0,M,0,M,0,M,0,M,0,M,0,M,0,M,0,M,0,M,0,M,0,M,0,M,0,M,0,M,0,M,0,M,0,M,0,M,0,M,0,M,0,M,0,M,0,M,0,M,0,M,0,M,0,M,0,M,0,M,0,M,0,M,0,M,0,M,0,M,0,M,0,M,0,M,0,M,0,M,192.07,,0,M,0,M
Liberia,Sea catfishes nei,Sherbro,Tonnes - live weight,TLW,100,,100,,100,,100,,100,,100,,100,,100,,99,,222,,397,,328,,298,,462,,403,,167,,267,,192,,165,,160,,93,,52,,114,,59,,63,,7,,77,,0,,4,,31,,21,,210,,210,,200,,31,,394,,106,,187,,61,,60,E,60,E,58,E,56,E,54,E,30,E,10,E,10,E,4,,4,,378.95,,343,,96,
Liberia,Senegalese ladyfish,Sherbro,Tonnes - live weight,TLW,0,M,0,M,0,M,0,M,0,M,0,M,0,M,0,M,0,M,0,M,0,M,0,M,0,M,0,M,0,M,0,M,0,M,0,M,0,M,0,M,0,M,0,M,0,M,0,M,0,M,0,M,0,M,0,M,0,M,0,M,0,M,0,M,0,M,0,M,0,M,0,M,0,M,0,M,0,M,0,M,0,M,0,M,0,M,0,M,0,M,0,M,0,M,0,M,0,M,5,,1,,9,
Liberia,Senegalese smooth swimcrab,Sherbro,Tonnes - live weight,TLW,0,M,0,M,0,M,0,M,0,M,0,M,0,M,0,M,0,M,0,M,0,M,0,M,0,M,0,M,0,M,0,M,0,M,0,M,0,M,0,M,0,M,0,M,0,M,0,M,0,M,0,M,0,M,0,M,0,M,0,M,0,M,0,M,0,M,0,M,0,M,0,M,0,M,0,M,0,M,0,M,0,M,0,M,0,M,0,M,0,M,0,M,0,M,0,M,0,M,14,,42,,19,
Liberia,Senegalese tonguesole,Sherbro,Tonnes - live weight,TLW,0,M,0,M,0,M,0,M,0,M,0,M,0,M,0,M,0,M,0,M,0,M,0,M,0,M,0,M,0,M,0,M,0,M,0,M,0,M,0,M,0,M,0,M,0,M,0,M,0,M,0,M,0,M,0,M,0,M,0,M,0,M,0,M,0,M,0,M,0,M,0,M,0,M,0,M,0,M,0,M,0,M,0,M,0,M,0,M,0,M,0,M,0,M,0,M,0,M,157,,194,,46,
Liberia,"Sharks, rays, skates, etc. nei",Sherbro,Tonnes - live weight,TLW,100,,100,,100,,100,,100,,100,,100,,100,,119,,680,,155,,107,,96,,359,,268,,279,,250,,274,,115,,149,,21,,18,,23,,100,,309,,358,,207,,338,,210,,39,,42,,169,,512,,520,,303,,256,,349,,504,,108,,95,E,80,E,70,E,60,E,50,E,40,E,30,E,30,E,16,,0,,0,,0,M,0,M
Liberia,Shortfin mako,Sherbro,Tonnes - live weight,TLW,0,M,0,M,0,M,0,M,0,M,0,M,0,M,0,M,0,M,0,M,0,M,0,M,0,M,0,M,0,M,0,M,0,M,0,M,0,M,0,M,0,M,0,M,0,M,0,M,0,M,0,M,0,M,0,M,0,M,0,M,116,,0,M,0,M,0,M,0,M,0,M,0,M,0,M,0,M,0,M,0,M,0,M,0,M,0,M,0,M,0,M,0,M,0,M,0,M,0,M,8,,0,
Liberia,Silky shark,Sherbro,Tonnes - live weight,TLW,0,M,0,M,0,M,0,M,0,M,0,M,0,M,0,M,0,M,0,M,0,M,0,M,0,M,0,M,0,M,0,M,0,M,0,M,0,M,0,M,0,M,0,M,0,M,0,M,0,M,0,M,0,M,0,M,0,M,110,,99,,0,M,0,M,0,M,40,,0,M,0,M,0,M,0,M,0,M,0,M,0,M,0,M,0,M,0,M,0,M,0,M,188,,85,,21,,10,,0,
Liberia,Silver scabbardfish,Sherbro,Tonnes - live weight,TLW,0,,0,,0,,0,,0,,0,,0,,0,,0,,0,,0,,0,,0,,0,,0,,0,,0,,0,,0,,0,,0,,0,,0,,0,,0,,0,,0,,0,,0,,0,,0,,0,,0,,0,,0,,9,,0,,0,,0,,0,,0,,0,,0,,0,,0,,0,,0,,0,,0,,0,M,0,M,0,M
Liberia,Silver-rag driftfish,Sherbro,Tonnes - live weight,TLW,0,M,0,M,0,M,0,M,0,M,0,M,0,M,0,M,0,M,0,M,0,M,0,M,0,M,0,M,0,M,0,M,0,M,0,M,0,M,0,M,0,M,0,M,0,M,0,M,0,M,0,M,0,M,0,M,0,M,0,M,0,M,0,M,0,M,0,M,0,M,0,M,0,M,0,M,0,M,0,M,0,M,0,M,0,M,0,M,0,M,0,M,0,M,0,M,0,M,90.33,,0,M,0,M
Liberia,Skipjack tuna,Tunas (CECAF area),Tonnes - live weight,TLW,0,M,0,M,0,M,0,M,0,M,0,M,0,M,0,M,0,M,0,M,0,M,0,M,0,M,0,M,0,M,0,M,0,M,0,M,0,M,0,M,0,M,0,M,0,M,0,M,0,M,0,M,0,M,0,M,0,M,0,M,0,M,0,M,0,M,0,M,0,M,0,M,0,M,0,M,0,M,0,M,0,M,40,,61,,80,,49,,98,,21,,19.23,,29.13,,21.06,,6769.93,,488.85,
Liberia,Smooth puffer,Sherbro,Tonnes - live weight,TLW,0,M,0,M,0,M,0,M,0,M,0,M,0,M,0,M,0,M,0,M,0,M,0,M,0,M,0,M,0,M,0,M,0,M,0,M,0,M,0,M,0,M,0,M,0,M,0,M,0,M,0,M,0,M,0,M,0,M,0,M,0,M,0,M,0,M,0,M,0,M,0,M,0,M,0,M,0,M,0,M,0,M,0,M,0,M,0,M,0,M,1,,1,,57,,77,,0,,0,M,0,M
Liberia,Snake eels nei,Sherbro,Tonnes - live weight,TLW,0,M,0,M,0,M,0,M,0,M,0,M,0,M,0,M,0,M,0,M,0,M,0,M,0,M,0,M,0,M,0,M,0,M,0,M,0,M,0,M,0,M,0,M,0,M,0,M,0,M,0,M,0,M,0,M,0,M,0,M,0,M,0,M,0,M,0,M,0,M,0,M,0,M,0,M,0,M,0,M,0,M,0,M,0,M,0,M,0,M,0,M,0,M,0,M,0,M,0,M,227,,34,
Liberia,Snappers nei,Sherbro,Tonnes - live weight,TLW,0,N,0,N,0,N,0,N,0,N,1,,0,N,9,,0,,0,,0,,0,,0,,0,,0,,0,,55,,729,,12,,200,,64,,0,,1,,24,,13,,1,,9,,22,,137,,410,,157,,245,,255,,240,,365,,458,,1194,,243,,251,,300,E,340,E,380,E,420,E,460,E,500,E,525,E,525,E,17,,13,,0,M,1,,0,
Liberia,Soles nei,Sherbro,Tonnes - live weight,TLW,0,N,100,,100,,200,,123,,154,,161,,205,,465,,224,,210,,185,,164,,347,,281,,186,,481,,417,,361,,390,,153,,214,,169,,131,,112,,158,,48,,150,,149,,217,,129,,206,,210,,200,,217,,60,,50,,344,,302,,300,E,300,E,300,E,300,E,300,E,300,E,300,E,300,E,186,,0,,0,,0,M,0,M
Liberia,Sompat grunt,Sherbro,Tonnes - live weight,TLW,0,M,0,M,0,M,0,M,0,M,0,M,0,M,0,M,0,M,0,M,0,M,0,M,0,M,0,M,0,M,0,M,0,M,0,M,0,M,0,M,0,M,0,M,0,M,0,M,0,M,0,M,0,M,0,M,0,M,0,M,0,M,0,M,0,M,0,M,0,M,0,M,0,M,188,,160,,150,E,142,E,134,E,126,E,118,E,110,E,100,E,100,E,43,,26,,30,,88,,96,
Liberia,Spottail spiny turbot,Sherbro,Tonnes - live weight,TLW,0,M,0,M,0,M,0,M,0,M,0,M,0,M,0,M,0,M,0,M,0,M,0,M,0,M,0,M,0,M,0,M,0,M,0,M,0,M,0,M,0,M,0,M,0,M,0,M,0,M,0,M,0,M,0,M,0,M,0,M,0,M,0,M,0,M,0,M,0,M,0,M,0,M,0,M,0,M,0,M,0,M,0,M,0,M,0,M,0,M,0,M,0,M,0,M,0,M,15.08,,68,,11,
Liberia,Spotted eagle ray,Sherbro,Tonnes - live weight,TLW,0,M,0,M,0,M,0,M,0,M,0,M,0,M,0,M,0,M,0,M,0,M,0,M,0,M,0,M,0,M,0,M,0,M,0,M,0,M,0,M,0,M,0,M,0,M,0,M,0,M,0,M,0,M,0,M,0,M,0,M,0,M,0,M,0,M,0,M,0,M,0,M,0,M,0,M,0,M,0,M,0,M,0,M,0,M,0,M,0,M,0,M,0,M,0,M,0,M,127,,0,M,0,M
Liberia,"Suckerfishes, remoras nei",Sherbro,Tonnes - live weight,TLW,0,,0,,0,,0,,0,,0,,0,,0,,0,,0,,0,,0,,0,,0,,0,,0,,0,,0,,0,,0,,0,,0,,0,,0,,0,,0,,0,,0,,3,,1,,12,,0,N,0,N,0,N,1,,513,,0,,0,,0,,0,,0,,0,,0,,0,,0,,0,,0,,0,,0,,0,M,0,M,0,M
Liberia,Swordfish,Tunas (CECAF area),Tonnes - live weight,TLW,0,,0,,0,,0,,0,,0,,0,,0,,0,,0,,5,,38,,34,,53,,0,N,24,,16,,30,,19,,35,,3,,0,,7,,14,,26,,28,,112,,543,,21,,39,,42,,34,,35,,30,,39,,85,,0,N,0,M,71,,60,E,55,E,0,,0,,0,,0,,0,,18.28,,94.69,,4.55,,6.76,,3.46,,7.66,
Liberia,Tarpon,Sherbro,Tonnes - live weight,TLW,0,M,0,M,0,M,0,M,0,M,0,M,0,M,0,M,0,M,0,M,0,M,0,M,0,M,0,M,0,M,0,M,0,M,0,M,0,M,0,M,0,M,0,M,0,M,0,M,0,M,0,M,0,M,0,M,0,M,0,M,0,M,0,M,0,M,0,M,0,M,0,M,0,M,0,M,0,M,0,M,0,M,0,M,0,M,0,M,0,M,0,M,0,M,0,M,0,M,24,,17,,1,
Liberia,Thresher,Sherbro,Tonnes - live weight,TLW,0,M,0,M,0,M,0,M,0,M,0,M,0,M,0,M,0,M,0,M,0,M,0,M,0,M,0,M,0,M,0,M,0,M,0,M,0,M,0,M,0,M,0,M,0,M,0,M,0,M,0,M,0,M,0,M,0,M,151,,146,,0,M,0,M,0,M,0,M,0,M,0,M,0,M,0,M,0,M,0,M,0,M,0,M,0,M,0,M,0,M,0,M,0,M,0,M,5,,7,,0,
Liberia,Tiger shark,Sherbro,Tonnes - live weight,TLW,0,M,0,M,0,M,0,M,0,M,0,M,0,M,0,M,0,M,0,M,0,M,0,M,0,M,0,M,0,M,0,M,0,M,0,M,0,M,0,M,0,M,0,M,0,M,0,M,0,M,0,M,0,M,0,M,0,M,0,M,0,M,0,M,0,M,0,M,0,M,0,M,0,M,0,M,0,M,0,M,0,M,0,M,0,M,0,M,0,M,0,M,0,M,16,,23,,0,,56,,0,
Liberia,Tilefishes nei,Sherbro,Tonnes - live weight,TLW,0,M,0,M,0,M,0,M,0,M,0,M,0,M,0,M,0,M,0,M,0,M,0,M,0,M,0,M,0,M,0,M,0,M,0,M,0,M,0,M,0,M,0,M,0,M,0,M,0,M,0,M,0,M,0,M,0,M,0,M,0,M,0,M,0,M,0,M,0,M,0,M,0,M,0,M,0,M,0,M,0,M,0,M,0,M,0,M,0,M,0,M,0,M,0,M,0,M,7,,1,,13.26,
Liberia,Tonguefishes,Sherbro,Tonnes - live weight,TLW,0,M,0,M,0,M,0,M,0,M,0,M,0,M,0,M,0,M,0,M,0,M,0,M,0,M,0,M,0,M,0,M,0,M,0,M,0,M,0,M,0,M,0,M,0,M,0,M,0,M,0,M,0,M,0,M,0,M,0,M,0,M,0,M,0,M,0,M,0,M,0,M,0,M,0,M,0,M,0,M,0,M,0,M,0,M,0,M,0,M,0,M,0,M,17,,345,,366.88,,0,M,0,M
Liberia,Tonguesole nei,Sherbro,Tonnes - live weight,TLW,0,M,0,M,0,M,0,M,0,M,0,M,0,M,0,M,0,M,0,M,0,M,0,M,0,M,0,M,0,M,0,M,0,M,0,M,0,M,0,M,0,M,0,M,0,M,0,M,0,M,0,M,0,M,0,M,0,M,0,M,0,M,0,M,0,M,0,M,0,M,0,M,0,M,0,M,0,M,0,M,0,M,0,M,0,M,0,M,0,M,0,M,0,M,0,M,0,M,0,M,150,,88.54,
Liberia,"Triggerfishes, durgons nei",Sherbro,Tonnes - live weight,TLW,0,,0,,0,,0,,0,,0,,0,,0,,0,,0,,0,,0,,0,,0,,0,,0,,0,,0,,0,,0,,0,,0,,0,,0,,0,,0,,0,,5,,2,,0,,0,N,0,N,0,N,0,N,0,N,4,,0,M,5,,0,N,0,N,0,N,0,N,0,N,0,N,0,N,0,,0,,0,,0,,0.2,,0,M,0,M
Liberia,Tropical spiny lobsters nei,Sherbro,Tonnes - live weight,TLW,0,,0,,0,,0,,0,,0,,0,,0,,0,,0,,0,,24,,22,,66,,15,,14,,74,,43,,84,,0,M,0,M,0,M,0,M,4,,6,,10,,0,,8,,26,,4,,41,,36,,40,,40,,4,,39,,95,,0,,0,,0,,0,,0,,0,,0,,0,,0,,0,,17,,6,,4,,38,,18,
Liberia,Tuna-like fishes nei,Tunas (CECAF area),Tonnes - live weight,TLW,0,,0,,0,,0,,0,,0,,0,,0,,0,,0,,0,,0,,0,,0,,0,,0,,0,,0,,0,,0,,0,,0,,0,,0,,0,,0,,0,,0,,0,,0,,0,,0,,0,,0,,0,,0,,0,,45,,0,,0,,0,,0,,0,,0,,0,,0,,0,,0,,0,,0.09,,0,M,0,M
Liberia,Wahoo,Tunas (CECAF area),Tonnes - live weight,TLW,0,M,0,M,0,M,0,M,0,M,0,M,0,M,0,M,0,M,0,M,0,M,0,M,0,M,0,M,0,M,0,M,0,M,0,M,0,M,0,M,0,M,0,M,0,M,0,M,0,M,0,M,0,M,0,M,0,M,0,M,0,M,0,M,0,M,0,M,0,M,0,M,0,M,0,M,0,M,0,M,0,M,0,M,0,M,0,M,0,M,0,M,0,M,2,,3,,3,,37,,4,
Liberia,West African Spanish mackerel,Tunas (CECAF area),Tonnes - live weight,TLW,0,M,0,M,0,M,0,M,0,M,0,M,0,M,0,M,0,M,0,M,0,M,0,M,0,M,0,M,0,M,0,M,0,M,0,M,0,M,0,M,0,M,0,M,0,M,0,M,0,M,0,M,0,M,0,M,0,M,0,M,0,M,0,M,0,M,0,M,0,M,0,M,0,M,0,M,0,M,0,M,0,M,0,M,0,M,0,M,0,M,0,M,0,M,8,,5,,72,,325,,154,
Liberia,West African croakers nei,Sherbro,Tonnes - live weight,TLW,100,,200,,500,,400,,848,,620,,710,,1120,,929,,1090,,894,,884,,1239,,1588,,1084,,507,,1298,,1852,,2122,,2134,,513,,1710,,1016,,800,,646,,1008,,364,,0,,0,,0,,0,,0,,0,,0,,0,,0,,0,,0,,0,,0,,0,,0,,0,,0,,0,,230,E,230,E,311,,682,,153.17,,151,,1074.7,
Liberia,West African goatfish,Sherbro,Tonnes - live weight,TLW,0,,0,,0,,0,,0,,0,,0,,0,,0,,0,,21,,68,,62,,41,,50,,65,,26,,29,,38,,24,,6,,2,,0,N,2,,3,,0,,0,,0,,0,,0,,0,,0,,0,,0,,0,,0,,0,,0,,26,,24,E,22,E,20,E,18,E,15,E,12,E,10,E,10,E,0,,0,,0.14,,157,,136.8,
Liberia,West African ilisha,Sherbro,Tonnes - live weight,TLW,0,,0,,0,,0,,0,,0,,0,,0,,0,,0,,13,,46,,43,,55,,93,,95,,67,,118,,109,,220,,149,,33,,104,,44,,36,,6,,124,,26,,63,,242,,110,,198,,200,,200,,242,,24,,4,,182,,57,,60,E,60,E,60,E,60,E,60,E,60,E,64,E,110,E,158,,324,,274,,701,,530,
Liberia,West African ladyfish,Sherbro,Tonnes - live weight,TLW,0,M,0,M,0,M,0,M,0,M,0,M,0,M,0,M,0,M,0,M,0,M,0,M,0,M,0,M,0,M,0,M,0,M,0,M,0,M,0,M,0,M,0,M,0,M,0,M,0,M,0,M,0,M,0,M,0,M,0,M,0,M,0,M,0,M,0,M,0,M,0,M,0,M,0,M,0,M,0,M,0,M,0,M,0,M,0,M,0,M,0,M,0,M,0,M,0,M,2.08,,0,M,0,M
Liberia,White grouper,Sherbro,Tonnes - live weight,TLW,0,M,0,M,0,M,0,M,0,M,0,M,0,M,0,M,0,M,0,M,0,M,0,M,0,M,0,M,0,M,0,M,0,M,0,M,0,M,0,M,0,M,0,M,0,M,0,M,0,M,0,M,0,M,0,M,0,M,0,M,0,M,0,M,0,M,0,M,0,M,0,M,0,M,0,M,0,M,0,M,0,M,0,M,0,M,0,M,0,M,0,M,0,M,0,M,0,M,11.53,,174,,765.21,
Liberia,Yellow jack,Sherbro,Tonnes - live weight,TLW,0,M,0,M,0,M,0,M,0,M,0,M,0,M,0,M,0,M,0,M,0,M,0,M,0,M,0,M,0,M,0,M,0,M,0,M,0,M,0,M,0,M,0,M,0,M,0,M,0,M,0,M,0,M,0,M,0,M,0,M,0,M,0,M,0,M,0,M,0,M,0,M,0,M,0,M,0,M,0,M,0,M,0,M,0,M,0,M,0,M,0,M,0,M,0,M,0,M,56,,24,,64,
Liberia,Yellowfin tuna,Tunas (CECAF area),Tonnes - live weight,TLW,0,M,0,M,0,M,0,M,0,M,0,M,0,M,0,M,0,M,0,M,0,M,0,M,0,M,0,M,0,M,0,M,0,M,0,M,0,M,0,M,0,M,0,M,0,M,0,M,0,M,0,M,0,M,185,,310,,369,,227,,166,,170,,140,,369,,119,,107,,290,,25,,25,E,25,E,49,,71,,89,,100,,88,,76.23,,87.94,,0.95,,0,,1730.46,,9.8,
FAO. 2023. Fishery and Aquaculture Statistics. CECAF (Eastern Central Atlantic) capture production 1970-2021 (FishStatJ). In: FAO Fisheries and Aquaculture Division [online]. Rome. Updated 2023. www.fao.org/fishery/en/statistics/software/fishstatj
